action_id,related_incident,owner,priority,description,start_date,due_date,status,evidence,start_dt,due_dt,closed_date,days_to_close
ACTION-20000,PTW-5065,Neeta Kulkarni (HOD Production),Medium,Update contractor induction and ensure contractor supervision is present during hot work,2025-08-23,2025-09-07,Open,photo_housekeeping_after.jpg,2025-08-23 00:00:00,2025-09-07 00:00:00,,
ACTION-20001,PTW-5077,Vikram Shinde (Welding Lead),Low,Install additional lighting to meet lux levels; measure post-installation,2025-08-13,2025-08-29,Open,work_permit_PT_678.pdf,2025-08-13 00:00:00,2025-08-29 00:00:00,,
ACTION-20002,INS-8279,Ramesh Patil (Maintenance Head),Medium,Investigate cause of frequent forklift keys left in ignition; enforce parking SOP,2025-08-04,2025-08-19,Closed,work_permit_PT_678.pdf,2025-08-04 00:00:00,2025-08-19 00:00:00,2025-09-02,29.0
ACTION-20003,INS-8088,Sagar Dani (Safety Officer),High,Install additional lighting to meet lux levels; measure post-installation,2025-09-28,2025-10-06,Closed,photo_guard_installed.jpg,2025-09-28 00:00:00,2025-10-06 00:00:00,2025-10-17,19.0
ACTION-20004,CASE-12023,Ramesh Patil (Maintenance Head),High,Calibrate torque tools and label with next calibration date,2025-08-16,2025-08-22,Closed,purchase_order_guard_123.pdf,2025-08-16 00:00:00,2025-08-22 00:00:00,2025-08-17,1.0
ACTION-20005,INS-8034,Rahul Deshmukh (Quality Inspector),Critical,Replace worn hydraulic hose and schedule weekly inspection,2025-10-15,2025-10-19,Closed,witness_statement_01.pdf,2025-10-15 00:00:00,2025-10-19 00:00:00,2025-10-23,8.0
ACTION-20006,CASE-12005,Prakash Yadav (Shift Incharge),Critical,Create procedure for battery handling and ventilation checks; assign owner,2025-10-07,2025-10-11,Closed,witness_statement_01.pdf,2025-10-07 00:00:00,2025-10-11 00:00:00,2025-10-12,5.0
ACTION-20007,INS-8303,Neeta Kulkarni (HOD Production),High,Schedule mock drill for emergency response and record timings,2025-09-25,2025-09-28,Closed,scaffold_inspection_07.pdf,2025-09-25 00:00:00,2025-09-28 00:00:00,2025-09-26,1.0
ACTION-20008,INS-8247,Vikram Shinde (Welding Lead),Medium,Investigate cause of frequent forklift keys left in ignition; enforce parking SOP,2025-09-09,2025-09-18,Closed,ncr_2309_45.pdf,2025-09-09 00:00:00,2025-09-18 00:00:00,2025-09-11,2.0
ACTION-20009,INS-8196,Ajay Kadam (Contractor Foreman),Low,Improve housekeeping in area; install floor marking and add anti-slip mats,2025-10-25,2025-11-25,Open,first_aid_log_case12015.pdf,2025-10-25 00:00:00,2025-11-25 00:00:00,,
ACTION-20010,CASE-12067,Manoj Desai (QA Head),Low,Investigate cause of frequent forklift keys left in ignition; enforce parking SOP,2025-10-10,2025-11-02,Closed,photo_housekeeping_after.jpg,2025-10-10 00:00:00,2025-11-02 00:00:00,2025-10-26,16.0
ACTION-20011,INS-8246,Suresh Patil (Inspection Lead),Medium,Schedule mock drill for emergency response and record timings,2025-08-04,2025-08-19,Closed,inspection_close_report_11.pdf,2025-08-04 00:00:00,2025-08-19 00:00:00,2025-08-24,20.0
ACTION-20012,CASE-12117,Amit Mehta (Plant Manager),Medium,Calibrate torque tools and label with next calibration date,2025-08-28,2025-09-06,Closed,first_aid_log_case12015.pdf,2025-08-28 00:00:00,2025-09-06 00:00:00,2025-09-17,20.0
ACTION-20013,INS-8049,Priya Joshi (Process Engineer),Medium,Conduct refresher training on LOTO for maintenance team; certify competency,2025-10-14,2025-10-27,In Progress,signed_permit_close.pdf,2025-10-14 00:00:00,2025-10-27 00:00:00,,
ACTION-20014,INS-8071,Vikram Shinde (Welding Lead),High,Repair damaged scaffold and re-inspect before next use; suspend any height work until cleared,2025-10-27,2025-11-01,Closed,ncr_2309_45.pdf,2025-10-27 00:00:00,2025-11-01 00:00:00,2025-11-08,12.0
ACTION-20015,INS-8267,Manoj Desai (QA Head),Medium,Provide spill containment and update chemical storage SOP; conduct drill,2025-10-17,2025-11-05,Closed,gas_test_report_45.pdf,2025-10-17 00:00:00,2025-11-05 00:00:00,2025-11-14,28.0
ACTION-20016,AM-1079,Suresh Patil (Inspection Lead),Medium,Implement buddy-check system for confined space entry and gas testing documentation,2025-09-10,2025-09-29,Closed,first_aid_log_case12015.pdf,2025-09-10 00:00:00,2025-09-29 00:00:00,2025-10-01,21.0
ACTION-20017,PTW-5064,Vikram Shinde (Welding Lead),Low,Conduct arc flash study and provide PPE upgrade for electrical team,2025-10-31,2025-12-06,Open,none,2025-10-31 00:00:00,2025-12-06 00:00:00,,
ACTION-20018,INS-8228,Priya Joshi (Process Engineer),Critical,Improve housekeeping in area; install floor marking and add anti-slip mats,2025-09-09,2025-09-14,Closed,inspection_close_report_11.pdf,2025-09-09 00:00:00,2025-09-14 00:00:00,2025-09-10,1.0
ACTION-20019,CASE-12049,Mohan Dighe (External Contractor),High,Create procedure for battery handling and ventilation checks; assign owner,2025-08-16,2025-08-22,Closed,signed_permit_close.pdf,2025-08-16 00:00:00,2025-08-22 00:00:00,2025-08-31,15.0
ACTION-20020,INS-8158,Ramesh Patil (Maintenance Head),Medium,Improve housekeeping in area; install floor marking and add anti-slip mats,2025-10-03,2025-10-20,In Progress,video_repair_2025-08-15.mp4,2025-10-03 00:00:00,2025-10-20 00:00:00,,
ACTION-20021,CASE-12055,Neeta Kulkarni (HOD Production),Medium,Repair damaged scaffold and re-inspect before next use; suspend any height work until cleared,2025-09-14,2025-10-04,Closed,training_attendance_sheet_aug.pdf,2025-09-14 00:00:00,2025-10-04 00:00:00,2025-10-03,19.0
ACTION-20022,AM-1007,Anita Bhosale (HR - Training),Medium,Schedule mock drill for emergency response and record timings,2025-10-16,2025-10-28,Closed,scaffold_inspection_07.pdf,2025-10-16 00:00:00,2025-10-28 00:00:00,2025-11-03,18.0
ACTION-20023,CASE-12108,Priya Joshi (Process Engineer),High,Calibrate torque tools and label with next calibration date,2025-10-21,2025-10-24,Closed,eyewash_flow_test_2025-09-20.pdf,2025-10-21 00:00:00,2025-10-24 00:00:00,2025-10-23,2.0
ACTION-20024,CASE-12012,Nilesh Chavan (Electrical Technician),High,Investigate root cause of repeated weld splatter; update weld parameter and robot program,2025-10-11,2025-10-18,Closed,work_permit_PT_678.pdf,2025-10-11 00:00:00,2025-10-18 00:00:00,2025-10-30,19.0
ACTION-20025,INS-8178,Meena Pawar (Logistics Supervisor),Medium,Replenish and secure PPE (gloves/face shields); enforce PPE checks at shift start,2025-09-15,2025-09-22,Closed,first_aid_log_case12015.pdf,2025-09-15 00:00:00,2025-09-22 00:00:00,2025-09-15,0.0
ACTION-20026,INS-8372,Rahul Deshmukh (Quality Inspector),Low,Conduct refresher training on LOTO for maintenance team; certify competency,2025-10-24,2025-12-02,Open,certificate_loto_trainees.pdf,2025-10-24 00:00:00,2025-12-02 00:00:00,,
ACTION-20027,INS-8322,Amit Mehta (Plant Manager),High,Investigate root cause of repeated weld splatter; update weld parameter and robot program,2025-08-12,2025-08-16,Closed,video_repair_2025-08-15.mp4,2025-08-12 00:00:00,2025-08-16 00:00:00,2025-08-28,16.0
ACTION-20028,INS-8332,Pooja Nimbalkar (Safety Coordinator),Medium,Replace worn hydraulic hose and schedule weekly inspection,2025-09-02,2025-09-10,In Progress,certificate_loto_trainees.pdf,2025-09-02 00:00:00,2025-09-10 00:00:00,,
ACTION-20029,PTW-5025,Sagar Dani (Safety Officer),High,Improve housekeeping in area; install floor marking and add anti-slip mats,2025-10-09,2025-10-19,Closed,purchase_order_guard_123.pdf,2025-10-09 00:00:00,2025-10-19 00:00:00,2025-11-02,24.0
ACTION-20030,INS-8247,Priya Joshi (Process Engineer),Medium,Update contractor induction and ensure contractor supervision is present during hot work,2025-08-01,2025-08-19,Closed,ncr_2309_45.pdf,2025-08-01 00:00:00,2025-08-19 00:00:00,2025-08-31,30.0
ACTION-20031,INS-8199,Priya Joshi (Process Engineer),Low,Install fixed guarding at press feed point and retro-fit interlock,2025-09-08,2025-10-11,Closed,training_attendance_sheet_aug.pdf,2025-09-08 00:00:00,2025-10-11 00:00:00,2025-10-17,39.0
ACTION-20032,INS-8069,Ajay Kadam (Contractor Foreman),High,Tag and quarantine non-conforming parts; update NCR process in ERP,2025-09-12,2025-09-20,Closed,signed_permit_close.pdf,2025-09-12 00:00:00,2025-09-20 00:00:00,2025-09-22,10.0
ACTION-20033,INS-8051,Mohan Dighe (External Contractor),High,Repair damaged scaffold and re-inspect before next use; suspend any height work until cleared,2025-08-04,2025-08-14,Closed,none,2025-08-04 00:00:00,2025-08-14 00:00:00,2025-08-23,19.0
ACTION-20034,INS-8084,Ritu Patil (Stores Incharge),Medium,Conduct refresher training on LOTO for maintenance team; certify competency,2025-09-23,2025-10-11,Closed,signed_permit_close.pdf,2025-09-23 00:00:00,2025-10-11 00:00:00,2025-09-24,1.0
ACTION-20035,INS-8016,Priya Joshi (Process Engineer),High,Provide spill containment and update chemical storage SOP; conduct drill,2025-08-08,2025-08-17,Closed,eyewash_flow_test_2025-09-20.pdf,2025-08-08 00:00:00,2025-08-17 00:00:00,2025-08-24,16.0
ACTION-20036,INS-8031,Kiran Jadhav (Paint Lead),Medium,Calibrate torque tools and label with next calibration date,2025-08-27,2025-09-03,Closed,purchase_order_guard_123.pdf,2025-08-27 00:00:00,2025-09-03 00:00:00,2025-08-30,3.0
ACTION-20037,INS-8224,Pooja Nimbalkar (Safety Coordinator),Medium,Install fixed guarding at press feed point and retro-fit interlock,2025-08-07,2025-08-28,In Progress,photo_guard_installed.jpg,2025-08-07 00:00:00,2025-08-28 00:00:00,,
ACTION-20038,INS-8104,Ajay Kadam (Contractor Foreman),High,Repair damaged scaffold and re-inspect before next use; suspend any height work until cleared,2025-09-06,2025-09-09,Open,calibration_report_0925.pdf,2025-09-06 00:00:00,2025-09-09 00:00:00,,
ACTION-20039,INS-8037,Sagar Dani (Safety Officer),Low,Improve housekeeping in area; install floor marking and add anti-slip mats,2025-10-02,2025-10-25,Open,training_attendance_sheet_aug.pdf,2025-10-02 00:00:00,2025-10-25 00:00:00,,
ACTION-20040,INS-8103,Rahul Deshmukh (Quality Inspector),Low,Conduct refresher training on LOTO for maintenance team; certify competency,2025-08-09,2025-09-12,In Progress,certificate_loto_trainees.pdf,2025-08-09 00:00:00,2025-09-12 00:00:00,,
ACTION-20041,INS-8023,Sunita Gaikwad (Operator Lead),Medium,Implement buddy-check system for confined space entry and gas testing documentation,2025-10-03,2025-10-13,In Progress,eyewash_flow_test_2025-09-20.pdf,2025-10-03 00:00:00,2025-10-13 00:00:00,,
ACTION-20042,INS-8093,Mohan Dighe (External Contractor),Medium,Tag and quarantine non-conforming parts; update NCR process in ERP,2025-08-28,2025-09-08,In Progress,gas_test_report_45.pdf,2025-08-28 00:00:00,2025-09-08 00:00:00,,
ACTION-20043,PTW-5074,Meena Pawar (Logistics Supervisor),Critical,Implement buddy-check system for confined space entry and gas testing documentation,2025-08-05,2025-08-07,Closed,purchase_order_guard_123.pdf,2025-08-05 00:00:00,2025-08-07 00:00:00,2025-08-16,11.0
ACTION-20044,CASE-12065,Ritu Patil (Stores Incharge),Critical,Replenish and secure PPE (gloves/face shields); enforce PPE checks at shift start,2025-09-13,2025-09-16,Closed,signed_permit_close.pdf,2025-09-13 00:00:00,2025-09-16 00:00:00,2025-09-29,16.0
ACTION-20045,PTW-5072,Rahul Deshmukh (Quality Inspector),Low,Introduce ergonomic aids for manual lifting; trial mechanical lifter for 2 weeks,2025-09-22,2025-11-04,Closed,purchase_order_guard_123.pdf,2025-09-22 00:00:00,2025-11-04 00:00:00,2025-10-15,23.0
ACTION-20046,INS-8300,Sunita Gaikwad (Operator Lead),Medium,Conduct refresher training on LOTO for maintenance team; certify competency,2025-09-14,2025-09-23,Closed,purchase_order_guard_123.pdf,2025-09-14 00:00:00,2025-09-23 00:00:00,2025-09-29,15.0
ACTION-20047,CASE-12056,Anita Bhosale (HR - Training),Medium,Schedule mock drill for emergency response and record timings,2025-08-03,2025-08-20,Open,calibration_report_0925.pdf,2025-08-03 00:00:00,2025-08-20 00:00:00,,
ACTION-20048,INS-8213,Deepak Raut (Maintenance Fitter),Medium,Install fixed guarding at press feed point and retro-fit interlock,2025-09-28,2025-10-13,Closed,calibration_report_0925.pdf,2025-09-28 00:00:00,2025-10-13 00:00:00,2025-10-10,12.0
ACTION-20049,PTW-5071,Ritu Patil (Stores Incharge),Medium,Create procedure for battery handling and ventilation checks; assign owner,2025-10-23,2025-11-01,Closed,video_repair_2025-08-15.mp4,2025-10-23 00:00:00,2025-11-01 00:00:00,2025-11-11,19.0
ACTION-20050,INS-8257,Sunita Gaikwad (Operator Lead),High,Repair damaged scaffold and re-inspect before next use; suspend any height work until cleared,2025-08-25,2025-08-29,Open,witness_statement_01.pdf,2025-08-25 00:00:00,2025-08-29 00:00:00,,
ACTION-20051,CASE-12139,Prakash Yadav (Shift Incharge),High,Replenish and secure PPE (gloves/face shields); enforce PPE checks at shift start,2025-10-06,2025-10-13,Closed,purchase_order_guard_123.pdf,2025-10-06 00:00:00,2025-10-13 00:00:00,2025-10-20,14.0
ACTION-20052,INS-8042,Ritu Patil (Stores Incharge),Medium,Introduce ergonomic aids for manual lifting; trial mechanical lifter for 2 weeks,2025-09-25,2025-10-15,In Progress,none,2025-09-25 00:00:00,2025-10-15 00:00:00,,
ACTION-20053,INS-8018,Deepak Raut (Maintenance Fitter),High,Calibrate torque tools and label with next calibration date,2025-08-22,2025-08-28,Closed,training_attendance_sheet_aug.pdf,2025-08-22 00:00:00,2025-08-28 00:00:00,2025-09-07,16.0
ACTION-20054,INS-8342,Amit Mehta (Plant Manager),High,Improve housekeeping in area; install floor marking and add anti-slip mats,2025-10-21,2025-10-28,Open,purchase_order_guard_123.pdf,2025-10-21 00:00:00,2025-10-28 00:00:00,,
ACTION-20055,INS-8324,Pooja Nimbalkar (Safety Coordinator),Medium,Update contractor induction and ensure contractor supervision is present during hot work,2025-10-04,2025-10-13,Closed,safety_meeting_minutes_2025-09-10.pdf,2025-10-04 00:00:00,2025-10-13 00:00:00,2025-10-24,20.0
ACTION-20056,INS-8058,Ajay Kadam (Contractor Foreman),Medium,Investigate cause of frequent forklift keys left in ignition; enforce parking SOP,2025-10-07,2025-10-23,Open,safety_meeting_minutes_2025-09-10.pdf,2025-10-07 00:00:00,2025-10-23 00:00:00,,
ACTION-20057,INS-8143,Meena Pawar (Logistics Supervisor),Medium,Tag and quarantine non-conforming parts; update NCR process in ERP,2025-10-27,2025-11-06,Closed,witness_statement_01.pdf,2025-10-27 00:00:00,2025-11-06 00:00:00,2025-11-03,7.0
ACTION-20058,INS-8147,Ritu Patil (Stores Incharge),Medium,Repair damaged scaffold and re-inspect before next use; suspend any height work until cleared,2025-08-06,2025-08-26,In Progress,spill_kit_invoice_22.pdf,2025-08-06 00:00:00,2025-08-26 00:00:00,,
ACTION-20059,AM-1040,Ritu Patil (Stores Incharge),Medium,Improve housekeeping in area; install floor marking and add anti-slip mats,2025-08-05,2025-08-16,Open,safety_meeting_minutes_2025-09-10.pdf,2025-08-05 00:00:00,2025-08-16 00:00:00,,
ACTION-20060,CASE-12060,Sunita Gaikwad (Operator Lead),Medium,Conduct refresher training on LOTO for maintenance team; certify competency,2025-10-23,2025-11-12,Open,video_repair_2025-08-15.mp4,2025-10-23 00:00:00,2025-11-12 00:00:00,,
ACTION-20061,INS-8056,Pooja Nimbalkar (Safety Coordinator),Medium,Replace worn hydraulic hose and schedule weekly inspection,2025-08-17,2025-08-30,Closed,video_repair_2025-08-15.mp4,2025-08-17 00:00:00,2025-08-30 00:00:00,2025-09-07,21.0
ACTION-20062,CASE-12017,Anita Bhosale (HR - Training),Critical,Investigate root cause of repeated weld splatter; update weld parameter and robot program,2025-09-22,2025-09-27,Closed,gas_test_report_45.pdf,2025-09-22 00:00:00,2025-09-27 00:00:00,2025-10-10,18.0
ACTION-20063,INS-8264,Meena Pawar (Logistics Supervisor),Medium,Conduct arc flash study and provide PPE upgrade for electrical team,2025-10-26,2025-11-16,Open,photo_housekeeping_after.jpg,2025-10-26 00:00:00,2025-11-16 00:00:00,,
ACTION-20064,AM-1099,Nilesh Chavan (Electrical Technician),High,Replenish and secure PPE (gloves/face shields); enforce PPE checks at shift start,2025-09-20,2025-09-28,Closed,photo_housekeeping_after.jpg,2025-09-20 00:00:00,2025-09-28 00:00:00,2025-09-20,0.0
ACTION-20065,CASE-12081,Nilesh Chavan (Electrical Technician),High,Replace fire extinguisher near oven; log monthly pressure checks,2025-10-03,2025-10-09,Closed,eyewash_flow_test_2025-09-20.pdf,2025-10-03 00:00:00,2025-10-09 00:00:00,2025-10-03,0.0
ACTION-20066,INS-8151,Vikram Shinde (Welding Lead),Medium,Replenish and secure PPE (gloves/face shields); enforce PPE checks at shift start,2025-09-28,2025-10-18,Closed,first_aid_log_case12015.pdf,2025-09-28 00:00:00,2025-10-18 00:00:00,2025-10-31,33.0
ACTION-20067,AM-1040,Ramesh Patil (Maintenance Head),Critical,Provide spill containment and update chemical storage SOP; conduct drill,2025-08-09,2025-08-14,In Progress,none,2025-08-09 00:00:00,2025-08-14 00:00:00,,
ACTION-20068,INS-8380,Amit Mehta (Plant Manager),High,Replace fire extinguisher near oven; log monthly pressure checks,2025-10-26,2025-10-31,Closed,signed_permit_close.pdf,2025-10-26 00:00:00,2025-10-31 00:00:00,2025-11-13,18.0
ACTION-20069,INS-8307,Priya Joshi (Process Engineer),High,Implement buddy-check system for confined space entry and gas testing documentation,2025-10-09,2025-10-19,Closed,photo_housekeeping_after.jpg,2025-10-09 00:00:00,2025-10-19 00:00:00,2025-10-21,12.0
ACTION-20070,PTW-5039,Ritu Patil (Stores Incharge),Medium,Update contractor induction and ensure contractor supervision is present during hot work,2025-09-23,2025-10-04,Closed,video_repair_2025-08-15.mp4,2025-09-23 00:00:00,2025-10-04 00:00:00,2025-10-01,8.0
ACTION-20071,INS-8137,Rahul Deshmukh (Quality Inspector),Medium,Install additional lighting to meet lux levels; measure post-installation,2025-09-03,2025-09-16,In Progress,none,2025-09-03 00:00:00,2025-09-16 00:00:00,,
ACTION-20072,CASE-12110,Rahul Deshmukh (Quality Inspector),High,Install additional lighting to meet lux levels; measure post-installation,2025-10-27,2025-11-01,Open,witness_statement_01.pdf,2025-10-27 00:00:00,2025-11-01 00:00:00,,
ACTION-20073,INS-8063,Mohan Dighe (External Contractor),Medium,Install fixed guarding at press feed point and retro-fit interlock,2025-08-24,2025-09-13,Open,eyewash_flow_test_2025-09-20.pdf,2025-08-24 00:00:00,2025-09-13 00:00:00,,
ACTION-20074,INS-8013,Amit Mehta (Plant Manager),Medium,Replenish and secure PPE (gloves/face shields); enforce PPE checks at shift start,2025-08-23,2025-09-13,Closed,video_repair_2025-08-15.mp4,2025-08-23 00:00:00,2025-09-13 00:00:00,2025-08-28,5.0
ACTION-20075,INS-8100,Rahul Deshmukh (Quality Inspector),Medium,Update contractor induction and ensure contractor supervision is present during hot work,2025-09-06,2025-09-22,In Progress,purchase_order_guard_123.pdf,2025-09-06 00:00:00,2025-09-22 00:00:00,,
ACTION-20076,PTW-5068,Deepak Raut (Maintenance Fitter),Medium,Create procedure for battery handling and ventilation checks; assign owner,2025-10-15,2025-10-26,Open,inspection_close_report_11.pdf,2025-10-15 00:00:00,2025-10-26 00:00:00,,
ACTION-20077,INS-8079,Nilesh Chavan (Electrical Technician),Medium,Update contractor induction and ensure contractor supervision is present during hot work,2025-10-27,2025-11-13,Open,calibration_report_0925.pdf,2025-10-27 00:00:00,2025-11-13 00:00:00,,
ACTION-20078,INS-8258,Neeta Kulkarni (HOD Production),Medium,Conduct arc flash study and provide PPE upgrade for electrical team,2025-08-22,2025-09-10,Closed,signed_permit_close.pdf,2025-08-22 00:00:00,2025-09-10 00:00:00,2025-09-17,26.0
ACTION-20079,INS-8261,Anita Bhosale (HR - Training),High,Provide spill containment and update chemical storage SOP; conduct drill,2025-10-22,2025-10-31,Closed,eyewash_flow_test_2025-09-20.pdf,2025-10-22 00:00:00,2025-10-31 00:00:00,2025-10-23,1.0
ACTION-20080,AM-1072,Manoj Desai (QA Head),High,Replenish and secure PPE (gloves/face shields); enforce PPE checks at shift start,2025-08-15,2025-08-23,Open,photo_guard_installed.jpg,2025-08-15 00:00:00,2025-08-23 00:00:00,,
ACTION-20081,PTW-5062,Prakash Yadav (Shift Incharge),Low,Calibrate torque tools and label with next calibration date,2025-09-18,2025-10-30,In Progress,inspection_close_report_11.pdf,2025-09-18 00:00:00,2025-10-30 00:00:00,,
ACTION-20082,INS-8114,Amit Mehta (Plant Manager),Medium,Introduce ergonomic aids for manual lifting; trial mechanical lifter for 2 weeks,2025-10-02,2025-10-21,In Progress,photo_guard_installed.jpg,2025-10-02 00:00:00,2025-10-21 00:00:00,,
ACTION-20083,INS-8111,Ajay Kadam (Contractor Foreman),Medium,Install fixed guarding at press feed point and retro-fit interlock,2025-08-28,2025-09-04,Closed,purchase_order_guard_123.pdf,2025-08-28 00:00:00,2025-09-04 00:00:00,2025-09-16,19.0
ACTION-20084,INS-8240,Manoj Desai (QA Head),High,Investigate cause of frequent forklift keys left in ignition; enforce parking SOP,2025-09-10,2025-09-18,Closed,spill_kit_invoice_22.pdf,2025-09-10 00:00:00,2025-09-18 00:00:00,2025-09-12,2.0
ACTION-20085,INS-8276,Ramesh Patil (Maintenance Head),Medium,Improve housekeeping in area; install floor marking and add anti-slip mats,2025-10-16,2025-11-05,In Progress,spill_kit_invoice_22.pdf,2025-10-16 00:00:00,2025-11-05 00:00:00,,
ACTION-20086,INS-8326,Vikram Shinde (Welding Lead),Medium,Conduct refresher training on LOTO for maintenance team; certify competency,2025-08-23,2025-09-07,Closed,photo_housekeeping_after.jpg,2025-08-23 00:00:00,2025-09-07 00:00:00,2025-09-06,14.0
ACTION-20087,CASE-12093,Sunita Gaikwad (Operator Lead),Medium,Schedule mock drill for emergency response and record timings,2025-09-24,2025-10-03,Closed,photo_housekeeping_after.jpg,2025-09-24 00:00:00,2025-10-03 00:00:00,2025-10-16,22.0
ACTION-20088,AM-1017,Pooja Nimbalkar (Safety Coordinator),High,Update contractor induction and ensure contractor supervision is present during hot work,2025-10-10,2025-10-14,Open,safety_meeting_minutes_2025-09-10.pdf,2025-10-10 00:00:00,2025-10-14 00:00:00,,
ACTION-20089,INS-8079,Deepak Raut (Maintenance Fitter),High,Repair damaged scaffold and re-inspect before next use; suspend any height work until cleared,2025-09-18,2025-09-25,Closed,calibration_report_0925.pdf,2025-09-18 00:00:00,2025-09-25 00:00:00,2025-09-30,12.0
ACTION-20090,INS-8023,Rahul Deshmukh (Quality Inspector),Medium,Conduct arc flash study and provide PPE upgrade for electrical team,2025-10-01,2025-10-09,Closed,none,2025-10-01 00:00:00,2025-10-09 00:00:00,2025-10-08,7.0
ACTION-20091,INS-8340,Pooja Nimbalkar (Safety Coordinator),High,Replace worn hydraulic hose and schedule weekly inspection,2025-08-01,2025-08-07,Open,first_aid_log_case12015.pdf,2025-08-01 00:00:00,2025-08-07 00:00:00,,
ACTION-20092,CASE-12119,Ramesh Patil (Maintenance Head),High,Provide spill containment and update chemical storage SOP; conduct drill,2025-08-05,2025-08-13,Closed,safety_meeting_minutes_2025-09-10.pdf,2025-08-05 00:00:00,2025-08-13 00:00:00,2025-08-25,20.0
ACTION-20093,CASE-12095,Sagar Dani (Safety Officer),Critical,Replenish and secure PPE (gloves/face shields); enforce PPE checks at shift start,2025-10-01,2025-10-06,Open,training_attendance_sheet_aug.pdf,2025-10-01 00:00:00,2025-10-06 00:00:00,,
ACTION-20094,INS-8364,Neeta Kulkarni (HOD Production),Medium,Improve housekeeping in area; install floor marking and add anti-slip mats,2025-08-02,2025-08-12,Closed,photo_housekeeping_after.jpg,2025-08-02 00:00:00,2025-08-12 00:00:00,2025-08-03,1.0
ACTION-20095,INS-8393,Suresh Patil (Inspection Lead),Medium,Update contractor induction and ensure contractor supervision is present during hot work,2025-08-15,2025-08-23,In Progress,training_attendance_sheet_aug.pdf,2025-08-15 00:00:00,2025-08-23 00:00:00,,
ACTION-20096,INS-8154,Ritu Patil (Stores Incharge),Medium,Implement buddy-check system for confined space entry and gas testing documentation,2025-10-21,2025-10-28,In Progress,photo_housekeeping_after.jpg,2025-10-21 00:00:00,2025-10-28 00:00:00,,
ACTION-20097,AM-1057,Deepak Raut (Maintenance Fitter),High,Introduce ergonomic aids for manual lifting; trial mechanical lifter for 2 weeks,2025-10-19,2025-10-24,In Progress,calibration_report_0925.pdf,2025-10-19 00:00:00,2025-10-24 00:00:00,,
ACTION-20098,INS-8294,Ramesh Patil (Maintenance Head),Medium,Introduce ergonomic aids for manual lifting; trial mechanical lifter for 2 weeks,2025-10-19,2025-11-09,Open,scaffold_inspection_07.pdf,2025-10-19 00:00:00,2025-11-09 00:00:00,,
ACTION-20099,CASE-12024,Nilesh Chavan (Electrical Technician),Medium,Investigate cause of frequent forklift keys left in ignition; enforce parking SOP,2025-09-17,2025-09-26,Closed,eyewash_flow_test_2025-09-20.pdf,2025-09-17 00:00:00,2025-09-26 00:00:00,2025-09-19,2.0
ACTION-20100,INS-8191,Mohan Dighe (External Contractor),High,Investigate root cause of repeated weld splatter; update weld parameter and robot program,2025-08-02,2025-08-05,Closed,spill_kit_invoice_22.pdf,2025-08-02 00:00:00,2025-08-05 00:00:00,2025-08-04,2.0
ACTION-20101,INS-8034,Prakash Yadav (Shift Incharge),Medium,Update contractor induction and ensure contractor supervision is present during hot work,2025-09-29,2025-10-13,In Progress,spill_kit_invoice_22.pdf,2025-09-29 00:00:00,2025-10-13 00:00:00,,
ACTION-20102,INS-8075,Pooja Nimbalkar (Safety Coordinator),High,Investigate root cause of repeated weld splatter; update weld parameter and robot program,2025-09-28,2025-10-02,Closed,calibration_report_0925.pdf,2025-09-28 00:00:00,2025-10-02 00:00:00,2025-09-28,0.0
ACTION-20103,INS-8183,Ramesh Patil (Maintenance Head),Low,Provide spill containment and update chemical storage SOP; conduct drill,2025-08-12,2025-09-09,Closed,eyewash_flow_test_2025-09-20.pdf,2025-08-12 00:00:00,2025-09-09 00:00:00,2025-08-15,3.0
ACTION-20104,CASE-12139,Sunita Gaikwad (Operator Lead),Low,Repair/replace damaged emergency exit signage and remove obstruction,2025-10-31,2025-12-10,Open,none,2025-10-31 00:00:00,2025-12-10 00:00:00,,
ACTION-20105,INS-8222,Manoj Desai (QA Head),Medium,Calibrate torque tools and label with next calibration date,2025-10-28,2025-11-11,In Progress,scaffold_inspection_07.pdf,2025-10-28 00:00:00,2025-11-11 00:00:00,,
ACTION-20106,AM-1072,Prakash Yadav (Shift Incharge),Low,Calibrate torque tools and label with next calibration date,2025-10-17,2025-11-20,In Progress,photo_housekeeping_after.jpg,2025-10-17 00:00:00,2025-11-20 00:00:00,,
ACTION-20107,INS-8071,Amit Mehta (Plant Manager),Low,Conduct refresher training on LOTO for maintenance team; certify competency,2025-10-28,2025-12-10,Open,spill_kit_invoice_22.pdf,2025-10-28 00:00:00,2025-12-10 00:00:00,,
ACTION-20108,PTW-5021,Ramesh Patil (Maintenance Head),Low,Investigate cause of frequent forklift keys left in ignition; enforce parking SOP,2025-08-25,2025-09-18,Closed,signed_permit_close.pdf,2025-08-25 00:00:00,2025-09-18 00:00:00,2025-08-30,5.0
ACTION-20109,PTW-5020,Manoj Desai (QA Head),Medium,Implement buddy-check system for confined space entry and gas testing documentation,2025-08-21,2025-08-31,Closed,gas_test_report_45.pdf,2025-08-21 00:00:00,2025-08-31 00:00:00,2025-08-24,3.0
ACTION-20110,INS-8094,Ramesh Patil (Maintenance Head),High,Update contractor induction and ensure contractor supervision is present during hot work,2025-10-28,2025-11-03,Closed,safety_meeting_minutes_2025-09-10.pdf,2025-10-28 00:00:00,2025-11-03 00:00:00,2025-10-31,3.0
ACTION-20111,INS-8176,Neeta Kulkarni (HOD Production),Medium,Tag and quarantine non-conforming parts; update NCR process in ERP,2025-09-23,2025-09-30,Closed,safety_meeting_minutes_2025-09-10.pdf,2025-09-23 00:00:00,2025-09-30 00:00:00,2025-09-30,7.0
ACTION-20112,CASE-12034,Sunita Gaikwad (Operator Lead),Low,Install additional lighting to meet lux levels; measure post-installation,2025-10-09,2025-11-12,Open,signed_permit_close.pdf,2025-10-09 00:00:00,2025-11-12 00:00:00,,
ACTION-20113,INS-8350,Neeta Kulkarni (HOD Production),Medium,Repair/replace damaged emergency exit signage and remove obstruction,2025-09-27,2025-10-06,In Progress,safety_meeting_minutes_2025-09-10.pdf,2025-09-27 00:00:00,2025-10-06 00:00:00,,
ACTION-20114,AM-1005,Vikram Shinde (Welding Lead),Critical,Repair/replace damaged emergency exit signage and remove obstruction,2025-08-24,2025-08-25,In Progress,first_aid_log_case12015.pdf,2025-08-24 00:00:00,2025-08-25 00:00:00,,
ACTION-20115,INS-8151,Ramesh Patil (Maintenance Head),Medium,Replenish and secure PPE (gloves/face shields); enforce PPE checks at shift start,2025-09-19,2025-09-28,Closed,scaffold_inspection_07.pdf,2025-09-19 00:00:00,2025-09-28 00:00:00,2025-10-08,19.0
ACTION-20116,INS-8400,Anita Bhosale (HR - Training),Medium,Create procedure for battery handling and ventilation checks; assign owner,2025-08-18,2025-08-25,In Progress,calibration_report_0925.pdf,2025-08-18 00:00:00,2025-08-25 00:00:00,,
ACTION-20117,CASE-12083,Sagar Dani (Safety Officer),Critical,Calibrate torque tools and label with next calibration date,2025-09-05,2025-09-06,In Progress,gas_test_report_45.pdf,2025-09-05 00:00:00,2025-09-06 00:00:00,,
ACTION-20118,AM-1029,Pooja Nimbalkar (Safety Coordinator),Low,Improve housekeeping in area; install floor marking and add anti-slip mats,2025-08-27,2025-09-30,Closed,training_attendance_sheet_aug.pdf,2025-08-27 00:00:00,2025-09-30 00:00:00,2025-09-06,10.0
ACTION-20119,CASE-12065,Anita Bhosale (HR - Training),Critical,Replenish and secure PPE (gloves/face shields); enforce PPE checks at shift start,2025-10-31,2025-11-01,In Progress,photo_housekeeping_after.jpg,2025-10-31 00:00:00,2025-11-01 00:00:00,,
ACTION-20120,INS-8362,Sunita Gaikwad (Operator Lead),Medium,Install fixed guarding at press feed point and retro-fit interlock,2025-10-12,2025-11-01,Closed,inspection_close_report_11.pdf,2025-10-12 00:00:00,2025-11-01 00:00:00,2025-10-26,14.0
ACTION-20121,CASE-12075,Anita Bhosale (HR - Training),Critical,Investigate cause of frequent forklift keys left in ignition; enforce parking SOP,2025-08-21,2025-08-22,Open,training_attendance_sheet_aug.pdf,2025-08-21 00:00:00,2025-08-22 00:00:00,,
ACTION-20122,INS-8272,Suresh Patil (Inspection Lead),High,Repair/replace damaged emergency exit signage and remove obstruction,2025-08-09,2025-08-15,Open,video_repair_2025-08-15.mp4,2025-08-09 00:00:00,2025-08-15 00:00:00,,
ACTION-20123,INS-8151,Sunita Gaikwad (Operator Lead),Medium,Replace fire extinguisher near oven; log monthly pressure checks,2025-10-14,2025-11-04,Closed,witness_statement_01.pdf,2025-10-14 00:00:00,2025-11-04 00:00:00,2025-10-31,17.0
ACTION-20124,CASE-12001,Deepak Raut (Maintenance Fitter),High,Schedule mock drill for emergency response and record timings,2025-08-13,2025-08-17,Closed,work_permit_PT_678.pdf,2025-08-13 00:00:00,2025-08-17 00:00:00,2025-08-21,8.0
ACTION-20125,INS-8058,Priya Joshi (Process Engineer),High,Repair/replace damaged emergency exit signage and remove obstruction,2025-09-05,2025-09-13,Closed,calibration_report_0925.pdf,2025-09-05 00:00:00,2025-09-13 00:00:00,2025-09-11,6.0
ACTION-20126,AM-1057,Amit Mehta (Plant Manager),High,Replace worn hydraulic hose and schedule weekly inspection,2025-09-06,2025-09-09,Closed,spill_kit_invoice_22.pdf,2025-09-06 00:00:00,2025-09-09 00:00:00,2025-09-16,10.0
ACTION-20127,CASE-12022,Ritu Patil (Stores Incharge),High,Repair damaged scaffold and re-inspect before next use; suspend any height work until cleared,2025-10-28,2025-11-07,In Progress,spill_kit_invoice_22.pdf,2025-10-28 00:00:00,2025-11-07 00:00:00,,
ACTION-20128,INS-8266,Amit Mehta (Plant Manager),Low,Replace fire extinguisher near oven; log monthly pressure checks,2025-08-25,2025-10-04,Open,eyewash_flow_test_2025-09-20.pdf,2025-08-25 00:00:00,2025-10-04 00:00:00,,
ACTION-20129,INS-8095,Nilesh Chavan (Electrical Technician),Medium,Tag and quarantine non-conforming parts; update NCR process in ERP,2025-10-26,2025-11-13,Open,calibration_report_0925.pdf,2025-10-26 00:00:00,2025-11-13 00:00:00,,
ACTION-20130,CASE-12127,Ajay Kadam (Contractor Foreman),Medium,Tag and quarantine non-conforming parts; update NCR process in ERP,2025-10-04,2025-10-16,In Progress,calibration_report_0925.pdf,2025-10-04 00:00:00,2025-10-16 00:00:00,,
ACTION-20131,CASE-12061,Amit Mehta (Plant Manager),Critical,Investigate cause of frequent forklift keys left in ignition; enforce parking SOP,2025-10-14,2025-10-15,Closed,gas_test_report_45.pdf,2025-10-14 00:00:00,2025-10-15 00:00:00,2025-10-28,14.0
ACTION-20132,CASE-12017,Sunita Gaikwad (Operator Lead),High,Improve housekeeping in area; install floor marking and add anti-slip mats,2025-09-27,2025-10-04,Closed,photo_guard_installed.jpg,2025-09-27 00:00:00,2025-10-04 00:00:00,2025-09-27,0.0
ACTION-20133,INS-8398,Manoj Desai (QA Head),Medium,Introduce ergonomic aids for manual lifting; trial mechanical lifter for 2 weeks,2025-09-05,2025-09-21,In Progress,photo_housekeeping_after.jpg,2025-09-05 00:00:00,2025-09-21 00:00:00,,
ACTION-20134,PTW-5040,Anita Bhosale (HR - Training),Medium,Conduct arc flash study and provide PPE upgrade for electrical team,2025-10-08,2025-10-19,In Progress,gas_test_report_45.pdf,2025-10-08 00:00:00,2025-10-19 00:00:00,,
ACTION-20135,AM-1024,Mohan Dighe (External Contractor),High,Calibrate torque tools and label with next calibration date,2025-10-01,2025-10-09,Closed,ncr_2309_45.pdf,2025-10-01 00:00:00,2025-10-09 00:00:00,2025-10-20,19.0
ACTION-20136,INS-8280,Sagar Dani (Safety Officer),Medium,Update contractor induction and ensure contractor supervision is present during hot work,2025-10-22,2025-11-10,Closed,purchase_order_guard_123.pdf,2025-10-22 00:00:00,2025-11-10 00:00:00,2025-11-14,23.0
ACTION-20137,INS-8176,Ajay Kadam (Contractor Foreman),Medium,Repair damaged scaffold and re-inspect before next use; suspend any height work until cleared,2025-08-14,2025-08-24,In Progress,ncr_2309_45.pdf,2025-08-14 00:00:00,2025-08-24 00:00:00,,
ACTION-20138,AM-1019,Kiran Jadhav (Paint Lead),High,Investigate root cause of repeated weld splatter; update weld parameter and robot program,2025-09-10,2025-09-18,Closed,work_permit_PT_678.pdf,2025-09-10 00:00:00,2025-09-18 00:00:00,2025-09-20,10.0
ACTION-20139,INS-8228,Rahul Deshmukh (Quality Inspector),Medium,Replace fire extinguisher near oven; log monthly pressure checks,2025-08-07,2025-08-25,Closed,scaffold_inspection_07.pdf,2025-08-07 00:00:00,2025-08-25 00:00:00,2025-08-31,24.0
